POCO;CADASTRO;OPERADOR;POCO_OPERADOR;ESTADO;BACIA;BLOCO;SIG_CAMPO;CAMPO;TERRA_MAR;POCO_POS_ANP;TIPO;CATEGORIA;RECLASSIFICACAO;SITUACAO;INICIO;TERMINO;CONCLUSAO;LATITUDE_BASE_4C;LONGITUDE_BASE_4C;LATITUDE_BASE_DD;LONGITUDE_BASE_DD;DATUM_HORIZONTAL;TIPO_DE_COORDENADA_DE_BASE;DIRECAO;PROFUNDIDADE_VERTICAL_M;PROFUNDIDADE_SONDADOR_M;PROFUNDIDADE_MEDIDA_M;REFERENCIA_DE_PROFUNDIDADE;MESA_ROTATIVA;COTA_ALTIMETRICA_M;LAMINA_D_AGUA_M;DATUM_VERTICAL;UNIDADE_ESTRATIGRAFICA;GEOLOGIA_GRUPO_FINAL;GEOLOGIA_FORMACAO_FINAL;GEOLOGIA_MEMBRO_FINAL;CDPE;AGP;PC;PAG;PERFIS_CONVENCIONAIS;DURANTE_PERFURACAO;PERFIS_DIGITAIS;PERFIS_PROCESSADOS;PERFIS_ESPECIAIS;AMOSTRA_LATERAL;SISMICA;TABELA_TEMPO_PROFUNDIDADE;DADOS_DIRECIONAIS;TESTE_A_CABO;TESTE_DE_FORMACAO;CANHONEIO;TESTEMUNHO;GEOQUIMICA;SIG_SONDA;NOM_SONDA;DHA_ATUALIZACAO
7-GMS-6-RN;72100029557;Petrobras;7GMS6RN;RN;Potiguar;GMR;GMR;GUAMARÉ;T;S;7;Desenvolvimento;PRODUTOR COMERCIAL DE PETRÓLEO;PRODUZINDO;23/02/2020;29/02/2020;26/03/2020;-05:12:31,835;-36:26:35,744;-5,208843056;-36,44326222;SIRGAS2000;Definitiva;Vertical;593,6;593;593,6;MR;42,18;37,18;0;NM; ;Apodi;Açu; ;Existe; ; ; ;Existe; ; ;Existe; ; ; ; ;Existe;Existe; ; ; ; ;EBS-05;EBS-05;02/01/2022
7-GMR-121-RN;72100029574;Petrobras;7GMR121RN;RN;Potiguar; ;GMR;GUAMARÉ;T;S;7;Desenvolvimento;PRODUTOR COMERCIAL DE PETRÓLEO;PRODUZINDO;18/03/2020;24/03/2020;26/03/2020;-05:12:10,656;-36:25:55,858;-5,20296;-36,43218278;SIRGAS2000;Definitiva;Vertical;623;623,4;623;MR;52,9;47,9;0;NM; ;Apodi;Açu; ;Existe; ; ; ;Existe; ; ;Existe; ; ; ; ;Existe;Existe; ; ; ; ;EBS-05;EBS-05;02/01/2022
7-GMR-123-RN;72100029585;Petrobras;7GMR123RN;RN;Potiguar; ;GMR;GUAMARÉ;T;S;7;Desenvolvimento;PRODUTOR COMERCIAL DE PETRÓLEO;PRODUZINDO;18/04/2020;24/04/2020;26/04/2020;-05:12:21,671;-36:26:37,324;-5,206019722;-36,44370111;SIRGAS2000;Definitiva;Vertical;592;594;592;MR;34,9;29,9;0;NM; ;Apodi;Açu; ;Existe; ; ; ;Existe; ; ;Existe; ; ; ; ;Existe; ; ; ; ; ;EBS-05;EBS-05;02/01/2022
7-GMR-128-RN;72100029570;Petrobras;7GMR128RN;RN;Potiguar; ;GMR;GUAMARÉ;T;S;7;Desenvolvimento;PRODUTOR COMERCIAL DE PETRÓLEO;PRODUZINDO;01/03/2020;16/03/2020;18/03/2020;-05:12:08,182;-36:26:04,100;-5,202272778;-36,43447222;SIRGAS2000;Definitiva;Vertical;619,5;620;619,5;MR;50,98;45,98;0;NM; ;Apodi;Açu; ;Existe; ; ; ;Existe; ; ;Existe; ; ; ; ;Existe;Existe; ; ; ; ;EBS-05;EBS-05;02/01/2022
7-GMS-11-RN;72100029582;Petrobras;7GMS11RN;RN;Potiguar;GMR;GMR;GUAMARÉ;T;S;7;Desenvolvimento;PRODUTOR COMERCIAL DE PETRÓLEO;PRODUZINDO;11/04/2020;17/04/2020;18/04/2020;-05:12:31,726;-36:26:40,547;-5,208812778;-36,44459639;SIRGAS2000;Definitiva;Vertical;585,5;591;585,2;MR;39,97;34,97;0;NM; ;Apodi;Açu; ;Existe; ; ; ;Existe; ; ;Existe; ; ; ; ;Existe; ; ; ; ; ;EBS-05;EBS-05;02/01/2022
7-GMR-122-RN;72100029580;Petrobras;7GMR122RN;RN;Potiguar; ;GMR;GUAMARÉ;T;S;7;Desenvolvimento;PRODUTOR COMERCIAL DE PETRÓLEO;PRODUZINDO;03/04/2020;09/04/2020;11/04/2020;-05:12:26,035;-36:26:38,736;-5,207231944;-36,44409333;SIRGAS2000;Definitiva;Vertical;589,2;590;589,2;MR;35,87;30,87;0;NM; ;Apodi;Açu; ;Existe; ; ; ;Existe; ; ;Existe; ; ; ; ;Existe;Existe; ; ; ; ;EBS-05;EBS-05;02/01/2022
7-FAL-160D-ES;34270029546;Petrobras;7FAL160DES;ES;Espírito Santo; ;FAL;FAZENDA ALEGRE;T;S;7;Desenvolvimento;PRODUTOR COMERCIAL DE PETRÓLEO;PRODUZINDO;11/02/2020;16/02/2020;24/08/2020;-19:00:11,953;-39:51:50,898;-19,00332028;-39,86413833;SIRGAS2000;Definitiva;Direcional;-849,58;896;862,4;MR;10,78;5,63;0;NM; ;Espírito Santo;Urucutuca; ;Existe; ; ; ;Existe; ; ;Existe; ; ; ; ;Existe;Existe; ;Existe; ; ;EBS-08;EBS-08;02/01/2022
7-FAL-161D-ES;34270029540;Petrobras;7FAL161DES;ES;Espírito Santo; ;FAL;FAZENDA ALEGRE;T;S;7;Desenvolvimento;PRODUTOR COMERCIAL DE PETRÓLEO;PRODUZINDO;02/02/2020;06/02/2020;28/05/2020;-19:00:11,988;-39:51:49,872;-19,00333;-39,86385333;SIRGAS2000;Definitiva;Direcional;-877,5;920;918,5;MR;10,73;5,58;0;NM; ;Espírito Santo;Urucutuca; ;Existe; ; ; ;Existe; ; ;Existe; ; ; ; ;Existe;Existe; ;Existe; ; ;EBS-08;EBS-08;02/01/2022
7-FAL-159D-ES;34270029536;Petrobras;7FAL159DES;ES;Espírito Santo; ;FAL;FAZENDA ALEGRE;T;S;7;Desenvolvimento;PRODUTOR COMERCIAL DE PETRÓLEO;FECHADO;23/01/2020;28/01/2020;23/05/2020;-19:00:11,918;-39:51:51,923;-19,00331056;-39,86442306;SIRGAS2000;Definitiva;Direcional;-870,22;900;892,1;MR;10,8;5,65;0;NM; ;Espírito Santo;Urucutuca; ;Existe; ; ; ;Existe; ; ;Existe; ; ; ; ;Existe;Existe; ;Existe; ; ;EBS-08;EBS-08;02/01/2022
9-BUZ-39DA-RJS;74316029545;Petrobras;9BUZ39DARJS;RJ;Santos; ;BUZ;BÚZIOS;M;S;9;Especial;PRODUTOR COMERCIAL DE PETRÓLEO;ABANDONADO TEMPORARIAMENTE SEM MONITORAMENTO;10/02/2020;28/05/2020;03/07/2020;-24:43:29,503;-42:20:41,244;-24,72486194;-42,34479;SIRGAS2000;Definitiva;Direcional;-5965,4;6037;6037;MR;32;0;2104;NM; ;Guaratiba;Itapema; ;Existe; ; ; ;Existe;Existe; ;Existe; ;Existe;Existe;Existe;Existe;Existe; ; ; ; ;NS-41;ODN I;02/01/2022
9-RO-169D-RJS;74281029612;Petrobras;9RO169DRJS;RJ;Campos; ;RO;RONCADOR;M;S;9;Especial;ABANDONADO POR OUTRAS RAZÕES;ABANDONADO PERMANENTEMENTE;08/07/2020;08/08/2020;14/08/2020;-21:53:13,273;-39:46:46,303;-21,88702028;-39,77952861;SIRGAS2000;Definitiva;Direcional;-3224,1;3646;3646;MR;32;0;1555;NM; ;Campos;Ubatuba;Tamoios;Existe; ; ; ;Existe;Existe; ;Existe; ; ; ; ;Existe;Existe; ; ; ; ;SS-79;LONE STAR;02/01/2022
9-MLL-85D-RJS;74281029527;Petrobras;9MLL85DRJS;RJ;Campos; ;MLL;MARLIM LESTE;M;S;9;Especial;ABANDONADO POR OUTRAS RAZÕES;EM PERFURAÇÃO;09/01/2020;02/02/2020;06/02/2020;-22:27:47,016;-39:58:09,470;-22,46306;-39,96929722;SIRGAS2000;Definitiva;Direcional;-2708,3;3499;3499;MR;32;0;1114;NM; ;Campos;Carapebus; ;Existe; ; ; ; ;Existe; ;Existe; ; ; ; ;Existe;Existe; ; ; ; ;NS-33;NORBE IX;02/01/2022
7-SEP-6-RJS;74316029528;Petrobras;7SEP6RJS;RJ;Santos; ;SEP;SÉPIA;M;S;7;Desenvolvimento;PRODUTOR COMERCIAL DE PETRÓLEO;ABANDONADO TEMPORARIAMENTE SEM MONITORAMENTO;03/01/2020;20/05/2020;30/05/2020;-25:15:29,776;-42:32:56,700;-25,25827111;-42,54908333;SIRGAS2000;Definitiva;Vertical;-5471,8;5514;5514;MR;32;0;2118;NM; ;Guaratiba;Barra Velha; ;Existe; ; ; ;Existe;Existe; ;Existe; ; ; ; ;Existe; ; ; ; ; ;NS-32;NORBE VIII;02/01/2022
7-ARGO-20H-ESS;34281029535;Shell Brasil;7-ARGO-20H-ESS;ES;Campos;BC-10;ARGO;ARGONAUTA;M;S;7;Desenvolvimento;PRODUTOR COMERCIAL DE PETRÓLEO;PRODUZINDO;16/01/2020;04/02/2020;14/02/2020;-21:12:17,994;-39:52:37,504;-21,20499833;-39,87708444;SIRGAS2000;Definitiva;Horizontal;2902;4449;4449;MR;25;0;1584;NM; ;Campos;Carapebus; ;Existe; ; ; ; ; ; ; ;Existe; ; ; ; ; ; ; ; ; ;NS-45;Brava Star;02/01/2022
7-AZU-2DA-AM;14030029534;Eneva;7AZU2DAAM;AM;Amazonas;AZU;AZU;AZULÃO;T;S;7;Desenvolvimento;PRODUTOR COMERCIAL DE GÁS NATURAL;FECHADO;18/01/2020;11/02/2020;17/02/2020;-02:44:41,138;-58:11:03,086;-2,744760556;-58,18419056;SIRGAS2000;Definitiva;Direcional;1735,9;2170;2168,5;MR;98;90;0;NM; ;Tapajós;Nova Olinda; ;Existe; ; ;Existe;Existe; ; ; ; ;Existe; ; ;Existe;Existe; ; ; ; ;QG VIII;Queiroz Galvão VIII;02/01/2022
7-FAL-162D-ES;34270029553;Petrobras;7FAL162DES;ES;Espírito Santo; ;FAL;FAZENDA ALEGRE;T;S;7;Desenvolvimento;PRODUTOR COMERCIAL DE PETRÓLEO;FECHADO;20/02/2020;27/02/2020;04/07/2020;-19:00:12,354;-39:51:45,054;-19,00343167;-39,862515;SIRGAS2000;Definitiva;Direcional;-871,99;903;892,8;MR;11,34;6,19;0;NM; ;Espírito Santo;Urucutuca; ;Existe; ; ; ;Existe; ; ;Existe; ; ; ; ;Existe;Existe; ;Existe; ; ;EBS-08;EBS-08;02/01/2022
7-FAL-163D-ES;34270029572;Petrobras;7FAL163DES;ES;Espírito Santo; ;FAL;FAZENDA ALEGRE;T;S;7;Desenvolvimento;PRODUTOR COMERCIAL DE PETRÓLEO;PRODUZINDO;19/03/2020;23/03/2020;06/07/2020;-19:00:13,302;-39:51:44,828;-19,003695;-39,86245222;SIRGAS2000;Definitiva;Direcional;-869;925;923,2;MR;11,39;6,24;0;NM; ;Espírito Santo;Urucutuca; ;Existe; ; ; ;Existe; ; ;Existe; ; ; ; ;Existe;Existe; ;Existe; ; ;EBS-08;EBS-08;02/01/2022
7-MLL-86HP-RJS;74281029547;Petrobras;7MLL86HPRJS;RJ;Campos; ;MLL;MARLIM LESTE;M;S;7;Desenvolvimento;ABANDONADO POR OBJETIVO/ALVO NÃO ATINGIDO;ABANDONADO PERMANENTEMENTE;06/02/2020;17/02/2020;23/02/2020;-22:27:47,016;-39:58:09,470;-22,46306;-39,96929722;SIRGAS2000;Definitiva;Horizontal;2733,6;3783;3783;MR;32;0;1114;NM; ;Campos;Carapebus; ;Existe; ; ; ; ;Existe; ;Existe; ; ; ; ;Existe; ; ; ; ; ;NS-33;NORBE IX;02/01/2022
7-MRO-10-RJS;74316029555;Petrobras;7MRO10RJS;RJ;Santos; ;MRO;MERO;M;S;7;Desenvolvimento;ABANDONADO POR OUTRAS RAZÕES;ABANDONADO PERMANENTEMENTE;19/02/2020;26/02/2020;04/03/2020;-24:35:54,727;-42:12:53,748;-24,59853528;-42,21493;SIRGAS2000;Definitiva;Vertical;-2931;2956;2956;MR;25;0;1997;NM; ;Guaratiba;Barra Velha; ;Existe; ; ; ; ;Existe; ;Existe; ; ; ; ;Existe; ; ; ; ; ;NS-40;Deepwater Corcovado;02/01/2022
1-ENV-16D-MA;50090029646;Eneva;1ENVBL67AMA;MA;Parnaíba;PN-T-67A; ; ;T;S;1;Pioneiro; ;ARRASADO;23/10/2020;03/11/2020;07/11/2020;-04:40:25,751;-44:59:50,035;-4,673819722;-44,99723194;SIRGAS2000;Definitiva;Direcional;1984,6;2447;2148;MR;92;86;0;NM; ;Canindé;Cabeças; ;Existe; ; ;Existe;Existe; ; ;Existe; ; ; ; ;Existe;Existe; ; ; ; ;GREAT120 (TUS 120);GREAT - 120;02/01/2022
7-NFC-51D-BA;20240029644;PetroRecôncavo;7NFC51DBA;BA;Recôncavo; ;NFC;NORTE DE FAZENDA CARUAÇU;T;S;7;Desenvolvimento;PRODUTOR COMERCIAL DE PETRÓLEO;PRODUZINDO;30/10/2020;04/11/2020;20/12/2020;-12:32:53,147;-38:28:18,048;-12,54809639;-38,47168;SIRGAS2000;Definitiva;Direcional;-1039,08;1139;1128,6;MR;60,57;55,39;0;NM; ;Ilhas;Pojuca; ;Existe; ; ; ;Existe; ; ;Existe; ;Existe; ; ;Existe; ; ; ; ; ;PR-04;National Oilwell Varco - 750;02/01/2022
8-BUZ-38D-RJS;74316029637;Petrobras;8BUZ38DRJS;RJ;Santos;FRANCO;BUZ;BÚZIOS;M;S;8;Injeção;INJEÇÃO DE ÁGUA;EQUIPADO AGUARDANDO INÍCIO DE OPERAÇÃO;01/10/2020;05/11/2020;04/12/2020;-24:39:14,799;-42:27:01,187;-24,65411083;-42,45032972;SIRGAS2000;Definitiva;Direcional;-5987,45;6063;6063;MR;32;0;2001;NM; ;Guaratiba;Barra Velha; ;Existe; ; ; ;Existe;Existe; ;Existe; ; ; ; ;Existe;Existe; ; ; ; ;NS-38;ETESCO TAKATSUGU J;02/01/2022
7-CNC-49-ES;34270029652;Petrobras;7CNC49ES;ES;Espírito Santo; ;CNC;CANCÃ;T;S;7;Desenvolvimento;ABANDONADO POR OUTRAS RAZÕES;ABANDONADO PERMANENTEMENTE;01/12/2020;07/12/2020;18/12/2020;-19:13:49,476;-39:50:43,959;-19,23041;-39,84554417;SIRGAS2000;Definitiva;Vertical;-704,37;713;713;MR;8,63;3,48;0;NM; ;Barra Nova;São Mateus; ;Existe; ; ; ; ; ; ; ; ; ; ; ; ; ; ; ; ; ;EBS-08;EBS-08;02/01/2022
7-TIE-2DA-BA;20240029639;Maha Energy;7TIE2DABA;BA;Recôncavo; ;TIE;TIÊ;T;S;7;Desenvolvimento;INDEFINIDO;ABANDONADO PERMANENTEMENTE;03/09/2020;16/10/2020;06/12/2020;-12:21:43,450;-38:16:45,337;-12,36206944;-38,27926028;SIRGAS2000;Definitiva;Direcional;1377,82;1467,6;1467,6;MR;87,38;79,53;0;NM; ;Brotas;Sergi; ;Existe; ; ; ; ; ; ; ; ; ; ; ; ; ; ; ; ; ;FV-2;FAXE-2;02/01/2022
3-ENV-17D-MA;50090029650;Eneva;3ENVSEENV15DMA;MA;Parnaíba;PN-T-102A;GVBL;GAVIÃO BELO;T;S;3;Extensão; ;ABANDONADO TEMPORARIAMENTE SEM MONITORAMENTO;25/11/2020;02/12/2020;06/12/2020;-05:42:42,194;-44:06:33,699;-5,711720556;-44,10936083;SIRGAS2000;Definitiva;Direcional;1356,6;1690;1688,5;MR;188;182;0;NM; ;Canindé;Cabeças; ;Existe; ;Existe;Existe;Existe; ; ;Existe; ;Existe; ; ;Existe;Existe; ; ; ; ;GREAT120 (TUS 120);GREAT - 120;02/01/2022
7-TIE-2DB-BA;20240029642;Maha Energy;7TIE2DBBA;BA;Recôncavo; ;TIE;TIÊ;T;S;7;Desenvolvimento;INDEFINIDO;PRODUZINDO;03/09/2020;21/11/2020;06/12/2020;-12:21:43,450;-38:16:45,337;-12,36206944;-38,27926028;SIRGAS2000;Definitiva;Direcional;2105,83;2195;2195;MR;87,38;79,53;0;NM; ;Brotas;Sergi; ;Existe; ; ; ; ; ; ; ; ; ; ; ; ; ; ; ; ; ;FV-2;FAXE-2;02/01/2022
8-MRO-12-RJS;74316029655;Petrobras;8MRO12RJS;RJ;Santos; ;MRO;MERO;M;S;8;Injeção;ABANDONADO POR OUTRAS RAZÕES;ABANDONADO PERMANENTEMENTE;15/12/2020;19/12/2020;26/12/2020;-24:34:09,256;-42:13:17,646;-24,56923778;-42,22156833;SIRGAS2000;Definitiva;Vertical;-3360;3385;3385;MR;25;0;1941;NM; ;Guaratiba;Itapema; ;Existe; ; ; ; ;Existe; ;Existe; ; ; ; ;Existe; ; ; ; ; ;NS-39;Deepwater Myconos;02/01/2022
1-ENV-16DA-MA;50090029647;Eneva;1ENVBL67ADAMA;MA;Parnaíba;PN-T-67A; ; ;T;S;1;Pioneiro; ;ARRASADO;07/11/2020;15/11/2020;19/11/2020;-04:40:25,751;-44:59:50,035;-4,673819722;-44,99723194;SIRGAS2000;Definitiva;Direcional;2487,8;2613;2613;MR;92;86;0;NM; ;Canindé;Cabeças; ;Existe; ;Existe;Existe;Existe; ; ;Existe; ;Existe; ; ;Existe; ; ; ; ; ;GREAT120 (TUS 120);GREAT - 120;02/01/2022
7-PRG-71HP-RJS;74281029654;Equinor Brasil;BMC7B13A;RJ;Campos; ;PRG;PEREGRINO;M;S;7;Desenvolvimento;INDEFINIDO;ABANDONADO PERMANENTEMENTE;08/12/2020;11/12/2020;17/12/2020;-23:17:45,671;-41:12:28,358;-23,29601972;-41,20787722;SIRGAS2000;Definitiva;Horizontal;-2189;3646;3646;MR;50;0;122;NM; ;Campos;Carapebus; ;Existe; ; ; ; ;Existe; ; ; ; ; ; ;Existe; ; ; ; ; ;DR-B;DRILLINGRIG-B;02/01/2022
7-SEP-7D-RJS;74316029569;Petrobras;7SEP7DRJS;RJ;Santos; ;SEP;SÉPIA;M;S;7;Desenvolvimento;PRODUTOR COMERCIAL DE PETRÓLEO;EM COMPLETAÇÃO;10/03/2020;12/06/2020;22/07/2020;-25:14:05,374;-42:32:22,242;-25,23482611;-42,53951167;SIRGAS2000;Definitiva;Direcional;-5549,3;5480;5480;MR;25;0;2138;NM; ;Guaratiba;Barra Velha; ;Existe; ; ; ;Existe;Existe; ;Existe; ; ;Existe;Existe;Existe;Existe; ; ; ; ;NS-31;PETROBRAS 10000;02/01/2022
8-SLL-7-RJS;74316029538;Petrobras;8SLL7RJS;RJ;Santos; ;STUP;SUL DE TUPI;M;S;8;Injeção;INJEÇÃO DE ÁGUA;INJETANDO;28/01/2020;21/09/2020;14/10/2020;-25:41:04,837;-42:48:59,149;-25,68467694;-42,81643028;SIRGAS2000;Definitiva;Vertical;-5421,5;5448;5439,6;MR;26;0;2195;NM; ;Guaratiba;Barra Velha; ;Existe; ; ; ; ;Existe; ;Existe; ; ; ; ;Existe; ; ; ; ; ;NS-44;LAGUNA STAR;02/01/2022
7-MRO-7A-RJS;74316029542;Petrobras;7MRO7ARJS;RJ;Santos; ;MRO;MERO;M;S;7;Desenvolvimento;PRODUTOR COMERCIAL DE PETRÓLEO;EQUIPADO AGUARDANDO INÍCIO DE OPERAÇÃO;24/11/2019;05/03/2020;28/03/2020;-24:36:10,072;-42:13:29,475;-24,60279778;-42,22485417;SIRGAS2000;Definitiva;Vertical;-5759;5811,5;5811,5;MR;25;0;1960;NM; ;Guaratiba;Itapema; ;Existe; ; ; ;Existe;Existe; ;Existe; ;Existe; ; ;Existe;Existe; ; ; ; ;NS-39;Deepwater Myconos;02/01/2022
9-AB-135D-RJS;74281029549;Petrobras;9AB135DRJS;RJ;Campos; ;AB;ALBACORA;M;S;9;Especial;PRODUTOR COMERCIAL DE PETRÓLEO;EM OBSERVAÇÃO;13/02/2020;23/04/2020;26/07/2020;-22:11:26,378;-39:56:58,309;-22,19066056;-39,94953028;SIRGAS2000;Definitiva;Direcional;4742,2;4928;4928;MR;32;0;450;NM; ;Lagoa Feia;Macabu; ;Existe; ; ; ;Existe;Existe; ;Existe; ;Existe; ; ;Existe;Existe; ; ;Existe; ;NS-32;NORBE VIII;02/01/2022
7-FAL-164D-ES;34270029559;Petrobras;7FAL164DES;ES;Espírito Santo; ;FAL;FAZENDA ALEGRE;T;S;7;Desenvolvimento;PRODUTOR COMERCIAL DE PETRÓLEO;PRODUZINDO;01/03/2020;07/03/2020;11/07/2020;-19:00:14,259;-39:51:44,608;-19,00396083;-39,86239111;SIRGAS2000;Definitiva;Direcional;-882,27;897;897,1;MR;11,36;6,21;0;NM; ;Espírito Santo;Urucutuca; ;Existe; ; ; ;Existe; ; ;Existe; ; ; ; ;Existe;Existe; ;Existe; ; ;EBS-08;EBS-08;02/01/2022
7-RO-115D-BA;20240029560;PetroRecôncavo;7RO115DBA;BA;Recôncavo; ;RO;REMANSO;T;S;7;Desenvolvimento;PRODUTOR COMERCIAL DE PETRÓLEO;PRODUZINDO;02/03/2020;06/03/2020;25/03/2020;-12:29:18,940;-38:19:09,119;-12,48859444;-38,31919972;SIRGAS2000;Definitiva;Direcional;-1211,53;1304;1298;MR;44,79;39,61;0;NM; ;Santo Amaro;Água Grande; ;Existe; ; ; ;Existe; ; ;Existe; ; ; ; ;Existe; ; ; ; ; ;PR-04;National Oilwell Varco - 750;02/01/2022
9-POL-45D-RJS;74281029543;Petro Rio O&G;POL-L;RJ;Campos; ;POL;POLVO;M;S;9;Especial;INDEFINIDO;PRODUZINDO;29/01/2020;14/02/2020;13/03/2020;-23:05:01,703;-40:59:43,410;-23,08380639;-40,99539167;SIRGAS2000;Definitiva;Direcional;-1542;3928;3928;MR;41,2;0;103;NM; ;Macaé;Quissamã; ;Existe; ;Existe;Existe; ;Existe; ;Existe; ; ; ; ;Existe; ; ; ; ; ;DEAL-1;DEAL-1;02/01/2022
8-BBG-4D-RJS;74316029558;Petrobras;8BBG4DRJS;RJ;Santos; ;BBG;BERBIGÃO;M;S;8;Injeção;INJEÇÃO DE ÁGUA;EM COMPLETAÇÃO;25/02/2020;07/07/2020;13/07/2020;-24:58:27,553;-42:41:04,599;-24,97432028;-42,68461083;SIRGAS2000;Definitiva;Direcional;5656;5744;5734,1;MR;28;0;2170;NM; ;Guaratiba;Barra Velha; ;Existe; ; ; ; ;Existe; ;Existe; ; ; ; ;Existe; ; ; ; ; ;SS-77;OCEAN VALOR;02/01/2022
7-MJ-95D-BA;20240029638;PetroRecôncavo;7MJ95DBA;BA;Recôncavo; ;MJ;MATA DE SÃO JOÃO;T;S;7;Desenvolvimento;ABANDONADO POR OBJETIVO FORA DE PREVISÃO;ABANDONADO PERMANENTEMENTE;13/10/2020;18/10/2020;22/10/2020;-12:30:20,511;-38:18:13,896;-12,5056975;-38,30386;SIRGAS2000;Definitiva;Direcional;-1193;1307;1306;MR;40,08;34,9;0;NM; ;Santo Amaro;Água Grande; ;Existe; ; ; ;Existe; ; ;Existe; ; ; ; ;Existe; ; ; ; ; ;PR-04;National Oilwell Varco - 750;02/01/2022
7-GVP-3D-MA;50090029583;Eneva;7GVP3DMA;MA;Parnaíba;PN-T-67;GVP;GAVIÃO PRETO;T;S;7;Desenvolvimento;PRODUTOR COMERCIAL DE GÁS NATURAL;ABANDONADO TEMPORARIAMENTE SEM MONITORAMENTO;12/04/2020;21/04/2020;28/04/2020;-04:36:14,145;-44:47:07,276;-4,603929167;-44,78535444;SIRGAS2000;Definitiva;Direcional;1290,6;1720;1720;MR;62;56;0;NM; ;Canindé;Poti; ;Existe; ; ;Existe;Existe; ; ; ; ; ; ; ;Existe; ; ; ; ; ;GREAT120 (TUS 120);GREAT - 120;02/01/2022
3-SHEL-32D-RJS;74316029564;Shell Brasil;GDM4;RJ;Santos;S_GATO_MAT; ; ;M;S;3;Extensão; ;ABANDONADO PERMANENTEMENTE;04/03/2020;28/03/2020;05/05/2020;-25:00:02,766;-43:01:03,489;-25,00076833;-43,01763583;SIRGAS2000;Definitiva;Direcional;5362;5468;5475;MR;25;0;2048;NM; ;Guaratiba;Barra Velha; ;Existe; ; ; ; ; ; ; ;Existe; ; ; ; ; ; ; ;Existe; ;NS-45;Brava Star;02/01/2022
1-IMET-27-ES;34270029562;Imetame Lagoa Parda;1-VID-1-ES;ES;Espírito Santo;ES-T-487; ; ;T;S;1;Pioneiro; ;ABANDONADO TEMPORARIAMENTE COM MONITORAMENTO;28/02/2020;01/04/2020;06/04/2020;-19:14:34,346;-39:47:17,460;-19,24287389;-39,78818333;SIRGAS2000;Definitiva;Vertical;-1878,98;1890;1887;MR;8,02;3,02;0;NM; ;Barra Nova;São Mateus; ;Existe; ;Existe;Existe;Existe; ; ;Existe; ; ; ; ;Existe;Existe; ; ; ; ;IME-01;IMETAME_ENERGIA_01;02/01/2022
7-FAL-166D-ES;34270029576;Petrobras;7FAL166DES;ES;Espírito Santo; ;FAL;FAZENDA ALEGRE;T;S;7;Desenvolvimento;PRODUTOR COMERCIAL DE PETRÓLEO;INJETANDO;27/03/2020;01/04/2020;13/09/2020;-19:00:15,739;-39:51:36,526;-19,00437194;-39,86014611;SIRGAS2000;Definitiva;Direcional;-885,23;925;925;MR;10,15;5;0;NM; ;Espírito Santo;Urucutuca; ;Existe; ; ; ;Existe; ; ;Existe; ; ; ; ;Existe;Existe; ;Existe; ; ;EBS-08;EBS-08;02/01/2022
7-TVD-5D-RJS;74281029588;Petrobras;7TVD5DRJS;RJ;Campos; ;TVD;TARTARUGA VERDE;M;S;7;Desenvolvimento;PRODUTOR COMERCIAL DE PETRÓLEO;PRODUZINDO;17/04/2020;25/05/2020;12/07/2020;-22:57:44,505;-40:42:35,677;-22,9623625;-40,70991028;SIRGAS2000;Definitiva;Direcional;-3069,6;3417;3417;MR;26;0;941;NM; ;Macaé;Quissamã; ;Existe; ; ; ;Existe;Existe; ;Existe; ; ; ; ;Existe; ; ; ; ; ;SS-73;GOLD STAR;02/01/2022
7-FAL-152D-ES;34270029508;Petrobras;7FAL152DES;ES;Espírito Santo; ;FAL;FAZENDA ALEGRE;T;S;7;Desenvolvimento;PRODUTOR COMERCIAL DE PETRÓLEO;FECHADO;02/12/2019;07/12/2019;13/04/2020;-19:00:22,910;-39:52:16,209;-19,00636389;-39,87116917;SIRGAS2000;Definitiva;Direcional;-881;913;913,2;MR;15,06;9,91;0;NM; ;Espírito Santo;Urucutuca; ;Existe; ; ; ;Existe; ; ;Existe; ; ; ; ;Existe;Existe; ;Existe; ; ;EBS-08;EBS-08;02/01/2022
7-FAL-155D-ES;34270029524;Petrobras;7FAL155DES;ES;Espírito Santo; ;FAL;FAZENDA ALEGRE;T;S;7;Desenvolvimento;PRODUTOR COMERCIAL DE PETRÓLEO;PRODUZINDO;27/12/2019;03/01/2020;21/03/2020;-19:00:16,480;-39:51:54,646;-19,00457778;-39,86517944;SIRGAS2000;Definitiva;Direcional;-882,98;895;894,5;MR;10,48;5,33;0;NM; ;Espírito Santo;Urucutuca; ;Existe; ; ; ;Existe; ; ;Existe; ; ; ; ;Existe;Existe; ;Existe; ; ;EBS-08;EBS-08;02/01/2022
7-ET-1889-RN;72100029608;Petrobras;7ET1889RN;RN;Potiguar; ;ET;ESTREITO;T;S;7;Desenvolvimento;PRODUTOR COMERCIAL DE PETRÓLEO;PRODUZINDO;12/06/2020;12/06/2020;11/07/2020;-05:22:36,130;-36:48:06,542;-5,376702778;-36,80181722;SIRGAS2000;Definitiva;Vertical;302;302;302;MR;36,54;31,54;0;NM; ;Apodi;Açu; ;Existe; ; ; ;Existe; ; ;Existe; ; ; ; ;Existe;Existe; ; ; ; ;EBS-05;EBS-05;02/01/2022
7-GVP-7D-MA;50090029561;Eneva;7GVP7DMA;MA;Parnaíba;PN-T-67;GVP;GAVIÃO PRETO;T;S;7;Desenvolvimento;PRODUTOR COMERCIAL DE GÁS NATURAL;ABANDONADO TEMPORARIAMENTE SEM MONITORAMENTO;02/03/2020;09/03/2020;12/03/2020;-04:37:53,842;-44:46:30,848;-4,631622778;-44,77523556;SIRGAS2000;Definitiva;Direcional;1310,6;1769;1767,4;MR;63;57;0;NM; ;Canindé;Poti; ;Existe; ; ;Existe;Existe; ; ;Existe; ; ; ; ;Existe;Existe; ; ; ; ;GREAT120 (TUS 120);GREAT - 120;02/01/2022
4-ENV-14-MA;50090029626;Eneva;4ENVSWENV1MA;MA;Parnaíba;PN-T-103; ; ;T;S;4;Pioneiro Adjacente; ;ARRASADO;17/08/2020;21/08/2020;23/08/2020;-05:40:21,186;-43:33:49,587;-5,672551667;-43,56377417;SIRGAS2000;Definitiva;Vertical;1049,7;1230;1229,7;MR;174;180;0;NM; ;Canindé;Longá; ;Existe; ;Existe;Existe;Existe; ; ;Existe; ; ; ; ;Existe; ; ; ; ; ;GREAT120 (TUS 120);GREAT - 120;02/01/2022
7-BUZ-46D-RJS;74316029645;Petrobras;7BUZ46DRJS;RJ;Santos; ;BUZ;BÚZIOS;M;S;7;Desenvolvimento;PRODUTOR COMERCIAL DE PETRÓLEO;ABANDONADO TEMPORARIAMENTE SEM MONITORAMENTO;01/11/2020;30/11/2020;10/12/2020;-24:35:39,494;-42:31:56,819;-24,59430389;-42,53244972;SIRGAS2000;Definitiva;Direcional;-5709,56;5896;5896;MR;25;0;1914;NM; ;Guaratiba;Barra Velha; ;Existe; ; ; ;Existe;Existe; ;Existe; ;Existe; ; ;Existe; ; ; ; ; ;NS-38;ETESCO TAKATSUGU J;02/01/2022
9-MRO-9D-RJS;74316029578;Petrobras;9MRO9DRJS;RJ;Santos; ;MRO;MERO;M;S;9;Especial;ABANDONADO POR OUTRAS RAZÕES;ABANDONADO PERMANENTEMENTE;30/03/2020;20/06/2020;11/07/2020;-24:39:27,730;-42:13:10,000;-24,65770278;-42,21944444;SIRGAS2000;Definitiva;Direcional;-5500,2;5553;5560;MR;25;0;2049;NM; ;Guaratiba;Barra Velha; ;Existe; ; ; ; ;Existe; ;Existe; ; ; ; ;Existe; ; ; ; ; ;NS-39;Deepwater Myconos;02/01/2022
7-FAL-156D-ES;34270029519;Petrobras;7FAL156DES;ES;Espírito Santo; ;FAL;FAZENDA ALEGRE;T;S;7;Desenvolvimento;PRODUTOR COMERCIAL DE PETRÓLEO;INJETANDO;20/12/2019;25/12/2019;25/05/2020;-19:00:16,426;-39:51:53,619;-19,00456278;-39,86489417;SIRGAS2000;Definitiva;Direcional;-880,93;900;900;MR;10,51;5,36;0;NM; ;Espírito Santo;Urucutuca; ;Existe; ; ; ;Existe; ; ;Existe; ; ; ; ;Existe;Existe; ;Existe; ; ;EBS-08;EBS-08;02/01/2022
8-SEP-4D-RJS;74316029531;Petrobras;8SEP4DRJS;RJ;Santos; ;SEP;SÉPIA;M;S;8;Injeção;INJEÇÃO DE GÁS NATURAL;EQUIPADO AGUARDANDO INÍCIO DE OPERAÇÃO;10/01/2020;14/02/2020;09/03/2020;-25:14:24,009;-42:33:14,131;-25,2400025;-42,55392528;SIRGAS2000;Definitiva;Direcional;-5586,4;5880;5880;MR;25;0;2138;NM; ;Guaratiba;Barra Velha; ;Existe; ; ; ;Existe;Existe; ;Existe; ;Existe; ; ;Existe;Existe; ; ; ; ;NS-32;NORBE VIII;02/01/2022
1-BRSA-1373B-SPS;86316029517;Petrobras;1SPS107B;SP;Santos;BLC_UIRAPR; ; ;M;S;1;Pioneiro; ;ABANDONADO PERMANENTEMENTE;16/12/2019;20/03/2020;15/04/2020;-25:06:26,338;-43:48:34,094;-25,10731611;-43,80947056;SIRGAS2000;Definitiva;Vertical;-59053;5933;5931;MR;25;0;1995;NM; ;Guaratiba;Barra Velha; ;Existe; ;Existe;Existe;Existe;Existe; ;Existe; ;Existe;Existe;Existe;Existe;Existe; ; ; ; ;NS-47;West Tellus;02/01/2022
7-GVP-8D-MA;50090029539;Eneva;7GVP8DMA;MA;Parnaíba;PN-T-67;GVP;GAVIÃO PRETO;T;S;7;Desenvolvimento;PRODUTOR COMERCIAL DE GÁS NATURAL;ABANDONADO TEMPORARIAMENTE SEM MONITORAMENTO;27/01/2020;05/02/2020;08/02/2020;-04:41:20,384;-44:42:44,283;-4,688995556;-44,71230083;SIRGAS2000;Definitiva;Direcional;1342,2;1704;1705;MR;93;87;0;NM; ;Canindé;Poti; ;Existe; ; ;Existe;Existe; ; ;Existe; ; ; ; ;Existe;Existe; ; ; ; ;GREAT120 (TUS 120);GREAT - 120;02/01/2022
7-FAL-143DA-ES;34270029522;Petrobras;7FAL143DAES;ES;Espírito Santo; ;FAL;FAZENDA ALEGRE;T;S;7;Desenvolvimento;PRODUTOR COMERCIAL DE PETRÓLEO;PRODUZINDO;11/12/2019;16/12/2019;12/03/2020;-19:00:27,216;-39:52:07,666;-19,00756;-39,86879611;SIRGAS2000;Definitiva;Direcional;-877,31;891;890,7;MR;11,82;6,67;0;NM; ;Espírito Santo;Urucutuca; ;Existe; ; ; ;Existe; ; ;Existe; ; ; ; ;Existe;Existe; ;Existe; ; ;EBS-08;EBS-08;02/01/2022
7-BUZ-36DA-RJS;74316029523;Petrobras;7BUZ36DARJS;RJ;Santos; ;BUZ;BÚZIOS;M;S;7;Desenvolvimento;PRODUTOR COMERCIAL DE PETRÓLEO;PRODUZINDO;14/12/2019;08/02/2020;15/04/2020;-24:38:06,281;-42:26:40,646;-24,63507806;-42,44462389;SIRGAS2000;Definitiva;Direcional;-5689,75;5724,5;5724;MR;28;0;1929;NM; ;Guaratiba;Barra Velha; ;Existe; ; ; ;Existe;Existe; ;Existe; ; ; ; ;Existe;Existe; ; ; ; ;SS-75;OCEAN COURAGE;02/01/2022
8-MLS-238H-RJS;74281029567;Petrobras;8MLS238HRJS;RJ;Campos; ;MLS;MARLIM SUL;M;S;8;Injeção;INJEÇÃO DE ÁGUA;EM COMPLETAÇÃO;10/03/2020;05/05/2020;30/06/2020;-22:37:19,190;-40:03:52,675;-22,62199722;-40,06463194;SIRGAS2000;Definitiva;Horizontal;2870,5;4296;4296;MR;24;0;1268;NM; ;Campos;Carapebus; ;Existe; ; ; ;Existe;Existe; ;Existe; ; ; ; ;Existe; ; ; ; ; ;NS-32;NORBE VIII;02/01/2022
8-LL-118D-RJS;74316029530;Petrobras;8LL118DRJS;RJ;Santos; ;TUP;TUPI;M;S;8;Injeção;INJEÇÃO DE ÁGUA;EM COMPLETAÇÃO;11/01/2020;20/04/2020;05/05/2020;-25:21:36,209;-42:39:00,763;-25,36005806;-42,65021194;SIRGAS2000;Definitiva;Direcional;-5355,7;5511;5513;MR;26;0;2113;NM; ;Guaratiba;Barra Velha; ;Existe; ; ; ;Existe;Existe; ;Existe; ; ; ; ;Existe;Existe; ; ; ; ;NS-44;LAGUNA STAR;02/01/2022
7-FAL-157D-ES;34270029526;Petrobras;7FAL157DES;ES;Espírito Santo; ;FAL;FAZENDA ALEGRE;T;S;7;Desenvolvimento;PRODUTOR COMERCIAL DE PETRÓLEO;PRODUZINDO;07/01/2020;12/01/2020;18/04/2020;-19:00:16,265;-39:51:50,550;-19,00451806;-39,86404167;SIRGAS2000;Definitiva;Direcional;-876,95;904;902,1;MR;10,46;5,31;0;NM; ;Espírito Santo;Urucutuca; ;Existe; ; ; ;Existe; ; ;Existe; ; ; ; ;Existe;Existe; ;Existe; ; ;EBS-08;EBS-08;02/01/2022
9-BUZ-39D-RJS;74316029532;Petrobras;9BUZ39DRJS;RJ;Santos; ;BUZ;BÚZIOS;M;S;9;Especial;ABANDONADO POR OUTRAS RAZÕES;ABANDONADO PERMANENTEMENTE;20/01/2020;29/01/2020;07/02/2020;-24:43:28,279;-42:20:40,025;-24,72452194;-42,34445139;SIRGAS2000;Definitiva;Direcional;-3091;3124;3124;MR;32;0;2106;NM; ;Guaratiba;Itapema; ;Existe; ; ; ; ;Existe; ;Existe; ; ; ; ;Existe; ; ; ; ; ;NS-41;ODN I;02/01/2022
7-FAL-158D-ES;34270029529;Petrobras;7FAL158DES;ES;Espírito Santo; ;FAL;FAZENDA ALEGRE;T;S;7;Desenvolvimento;PRODUTOR COMERCIAL DE PETRÓLEO;PRODUZINDO;15/01/2020;20/01/2020;21/06/2020;-19:00:16,213;-39:51:49,525;-19,00450361;-39,86375694;SIRGAS2000;Definitiva;Direcional;-879,58;902;900,4;MR;10,4;5,25;0;NM; ;Espírito Santo;Urucutuca; ;Existe; ; ; ;Existe; ; ;Existe; ; ; ; ;Existe;Existe; ;Existe; ; ;EBS-08;EBS-08;02/01/2022
7-GVP-2D-MA;50090029575;Eneva;7GVP2DMA;MA;Parnaíba;PN-T-67;GVP;GAVIÃO PRETO;T;S;7;Desenvolvimento;PORTADOR DE GÁS NATURAL;ABANDONADO TEMPORARIAMENTE SEM MONITORAMENTO;25/03/2020;05/04/2020;11/04/2020;-04:36:14,120;-44:47:07,469;-4,603922222;-44,78540806;SIRGAS2000;Definitiva;Direcional;1258,4;1707;1707;MR;62;56;0;NM; ;Canindé;Poti; ;Existe; ; ;Existe;Existe; ; ; ; ; ; ; ;Existe; ; ; ; ; ;GREAT120 (TUS 120);GREAT - 120;02/01/2022
7-GVP-4D-MA;50090029554;Eneva;7GVP4DMA;MA;Parnaíba;PN-T-67;GVP;GAVIÃO PRETO;T;S;7;Desenvolvimento;PRODUTOR COMERCIAL DE GÁS NATURAL;ABANDONADO TEMPORARIAMENTE SEM MONITORAMENTO;20/02/2020;27/02/2020;29/02/2020;-04:37:53,833;-44:46:31,042;-4,631620278;-44,77528944;SIRGAS2000;Definitiva;Direcional;1324,8;1746;1746,5;MR;63;57;0;NM; ;Canindé;Poti; ;Existe; ; ;Existe; ; ; ;Existe; ; ; ; ;Existe;Existe; ; ; ; ;GREAT120 (TUS 120);GREAT - 120;02/01/2022
7-GMS-10-RN;72100029577;Petrobras;7GMS10RN;RN;Potiguar;GMR;GMR;GUAMARÉ;T;S;7;Desenvolvimento;PRODUTOR COMERCIAL DE PETRÓLEO;PRODUZINDO;26/03/2020;01/04/2020;03/04/2020;-05:12:35,436;-36:26:41,788;-5,209843333;-36,44494111;SIRGAS2000;Definitiva;Vertical;589,2;590;589,2;MR;41,27;36,27;0;NM; ;Apodi;Açu; ;Existe; ; ; ;Existe; ; ;Existe; ; ; ; ;Existe;Existe; ; ; ; ;EBS-05;EBS-05;02/01/2022
7-GMS-7-RN;72100029533;Petrobras;7GMS7RN;RN;Potiguar;GMR;GMR;GUAMARÉ;T;S;7;Desenvolvimento;PRODUTOR COMERCIAL DE PETRÓLEO;PRODUZINDO;20/01/2020;02/02/2020;16/02/2020;-05:12:39,012;-36:26:28,404;-5,210836667;-36,44122333;SIRGAS2000;Definitiva;Vertical;588,8;594;588,8;MR;45,11;40,16;0;NM; ;Apodi;Açu; ;Existe; ; ; ; ; ; ; ; ; ; ; ; ; ; ; ; ; ;EBS-05;EBS-05;02/01/2022
7-GMS-8-RN;72100029544;Petrobras;7GMS8RN;RN;Potiguar;GMR;GMR;GUAMARÉ;T;S;7;Desenvolvimento;PRODUTOR COMERCIAL DE PETRÓLEO;PRODUZINDO;04/02/2020;12/02/2020;01/03/2020;-05:12:37,625;-36:26:32,793;-5,210451389;-36,4424425;SIRGAS2000;Definitiva;Vertical;585,3;586;585,3;MR;44,5;39,55;0;NM; ;Apodi;Açu; ;Existe; ; ; ; ; ; ; ; ; ; ; ; ; ; ; ; ; ;EBS-05;EBS-05;02/01/2022
7-GMS-9-RN;72100029550;Petrobras;7GMS9RN;RN;Potiguar;GMR;GMR;GUAMARÉ;T;S;7;Desenvolvimento;PRODUTOR COMERCIAL DE PETRÓLEO;PRODUZINDO;14/02/2020;21/02/2020;02/03/2020;-05:12:36,211;-36:26:37,150;-5,210058611;-36,44365278;SIRGAS2000;Definitiva;Vertical;586,6;587;586,6;MR;43,26;38,26;0;NM; ;Apodi;Açu; ;Existe; ; ; ;Existe; ; ;Existe; ; ; ; ;Existe; ; ; ; ; ;EBS-05;EBS-05;02/01/2022
3-ENV-12D-MA;50090029610;Eneva;3ENVSEENV6DMA;MA;Parnaíba;PN-T-48; ; ;T;S;3;Extensão; ;ARRASADO;03/07/2020;16/07/2020;22/07/2020;-04:10:15,004;-45:25:27,691;-4,170834444;-45,42435861;SIRGAS2000;Definitiva;Direcional;2418,1;2525;2527,7;MR;65;59;0;NM; ;Canindé;Itaim; ;Existe; ; ;Existe;Existe; ; ;Existe; ;Existe; ; ;Existe;Existe; ; ; ; ;GREAT120 (TUS 120);GREAT - 120;02/01/2022
7-CNC-42D-ES;34270029615;Petrobras;7CNC42DES;ES;Espírito Santo; ;CNC;CANCÃ;T;S;7;Desenvolvimento;PRODUTOR COMERCIAL DE PETRÓLEO;PRODUZINDO;08/07/2020;17/07/2020;19/12/2020;-19:13:54,135;-39:50:51,037;-19,23170417;-39,84751028;SIRGAS2000;Definitiva;Direcional;-812,51;833;827,6;MR;8,46;3,31;0;NM; ;Espírito Santo;Urucutuca; ;Existe; ; ; ;Existe; ; ;Existe; ; ; ; ;Existe;Existe; ;Existe; ; ;EBS-08;EBS-08;02/01/2022
9-MRO-9DA-RJS;74316029613;Petrobras;9MRO9DARJS;RJ;Santos; ;MRO;MERO;M;S;9;Especial;INJEÇÃO DE ÁGUA;ABANDONADO TEMPORARIAMENTE SEM MONITORAMENTO;11/07/2020;10/08/2020;07/09/2020;-24:39:27,729;-42:13:09,997;-24,6577025;-42,21944361;SIRGAS2000;Definitiva;Direcional;-5856,3;5905;5909,3;MR;25;0;2049;NM; ;Guaratiba;Barra Velha; ;Existe; ; ; ;Existe;Existe; ;Existe; ;Existe; ; ;Existe;Existe; ; ; ; ;NS-39;Deepwater Myconos;02/01/2022
9-SRR-5-RJS;74316029617;Petrobras;9SRR5RJS;RJ;Santos; ;SRR;SURURU;M;S;9;Especial;OUTRAS FINALIDADES;EM AVALIAÇÃO;14/08/2020;29/08/2020;12/10/2020;-24:57:50,413;-42:36:11,184;-24,96400361;-42,60310667;SIRGAS2000;Definitiva;Vertical;-5670,5;5698;5694,8;MR;26;0;2187;NM; ;Guaratiba;Barra Velha; ;Existe; ; ; ;Existe;Existe; ;Existe; ;Existe; ; ;Existe;Existe; ; ;Existe; ;NS-44;LAGUNA STAR;02/01/2022
7-CNC-41-ES;34270029618;Petrobras;7CNC41ES;ES;Espírito Santo; ;CNC;CANCÃ;T;S;7;Desenvolvimento;ABANDONADO POR OUTRAS RAZÕES;ABANDONADO PERMANENTEMENTE;24/07/2020;29/07/2020;24/12/2020;-19:13:52,163;-39:50:46,680;-19,23115639;-39,8463;SIRGAS2000;Definitiva;Vertical;820;820;820;MR;8,68;3,53;0;NM; ;Espírito Santo;Urucutuca; ;Existe; ; ; ; ; ; ; ; ; ; ; ; ; ; ; ; ; ;EBS-08;EBS-08;02/01/2022
8-RO-170HP-RJS;74281029623;Petrobras;8RO170HPRJS;RJ;Campos; ;RO;RONCADOR;M;S;8;Injeção;INJEÇÃO DE ÁGUA;FECHADO;14/08/2020;31/08/2020;03/10/2020;-21:53:13,273;-39:46:46,303;-21,88702028;-39,77952861;SIRGAS2000;Definitiva;Horizontal;-3153,9;4523;4523;MR;32;0;1555;NM; ;Campos;Carapebus; ;Existe; ; ; ;Existe;Existe; ;Existe; ; ; ; ;Existe; ; ; ; ; ;NS-41;ODN I;02/01/2022
7-BUZ-45DA-RJS;74316029622;Petrobras;7BUZ45DARJS;RJ;Santos; ;BUZ;BÚZIOS;M;S;7;Desenvolvimento;PRODUTOR COMERCIAL DE PETRÓLEO;ABANDONADO TEMPORARIAMENTE SEM MONITORAMENTO;08/08/2020;20/09/2020;29/09/2020;-24:35:57,515;-42:32:47,678;-24,59930972;-42,54657722;SIRGAS2000;Definitiva;Direcional;-5710,4;5749,39;5749;MR;32;0;1913;NM; ;Guaratiba;Barra Velha; ;Existe; ; ; ;Existe;Existe; ;Existe; ; ; ; ;Existe;Existe; ; ;Existe; ;NS-32;NORBE VIII;02/01/2022
1-ENV-15-MA;50090029629;Eneva;1ENVBL102CMA;MA;Parnaíba;PN-T-102A;GVBL;GAVIÃO BELO;T;S;1;Pioneiro; ;ABANDONADO TEMPORARIAMENTE SEM MONITORAMENTO;09/09/2020;22/09/2020;25/09/2020;-05:41:54,793;-44:07:22,794;-5,698553611;-44,12299833;SIRGAS2000;Definitiva;Vertical;1494,4;1691;1687,4;MR;193;187;0;NM; ;Canindé;Pimenteiras; ;Existe; ;Existe;Existe;Existe; ; ;Existe; ; ; ; ;Existe;Existe;Existe; ; ; ;GREAT120 (TUS 120);GREAT - 120;02/01/2022
9-BUZ-47-RJS;74316029636;Petrobras;9BUZ47RJS;RJ;Santos; ;BUZ;BÚZIOS;M;S;9;Especial;PRODUTOR COMERCIAL DE PETRÓLEO;ABANDONADO TEMPORARIAMENTE SEM MONITORAMENTO;04/10/2020;30/11/2020;22/12/2020;-24:45:54,269;-42:26:23,828;-24,76507472;-42,43995222;SIRGAS2000;Definitiva;Vertical;-6250,08;6284;6276;MR;25;0;2057;NM; ;Guaratiba;Barra Velha; ;Existe; ; ; ;Existe;Existe; ;Existe; ;Existe; ; ;Existe;Existe; ; ; ; ;NS-31;PETROBRAS 10000;02/01/2022
7-TIE-2D-BA;20240029633;Maha Energy;7TIE2DBA;BA;Recôncavo; ;TIE;TIÊ;T;S;7;Desenvolvimento;INDEFINIDO;ABANDONADO PERMANENTEMENTE;03/09/2020;06/10/2020;06/12/2020;-12:21:43,450;-38:16:45,337;-12,36206944;-38,27926028;SIRGAS2000;Definitiva;Direcional;1332,52;1420;1420;MR;87,38;79,53;0;NM; ;Brotas;Sergi; ;Existe; ; ; ; ; ; ; ; ; ; ; ; ; ; ; ; ; ;FV-2;FAXE-2;02/01/2022
7-FAL-167D-ES;34270029581;Petrobras;7FAL167DES;ES;Espírito Santo; ;FAL;FAZENDA ALEGRE;T;S;7;Desenvolvimento;PRODUTOR COMERCIAL DE PETRÓLEO;PRODUZINDO;05/04/2020;09/04/2020;14/08/2020;-19:00:15,863;-39:51:37,546;-19,00440639;-39,86042944;SIRGAS2000;Definitiva;Direcional;-883,45;896;897;MR;10,13;4,98;0;NM; ;Espírito Santo;Urucutuca; ;Existe; ; ; ;Existe; ; ;Existe; ; ; ; ;Existe;Existe; ;Existe; ; ;EBS-08;EBS-08;02/01/2022
9-BUZ-41-RJS;74316029566;Petrobras;9BUZ41RJS;RJ;Santos; ;BUZ;BÚZIOS;M;S;9;Especial;PRODUTOR COMERCIAL DE PETRÓLEO;EM COMPLETAÇÃO;07/03/2020;09/06/2020;18/07/2020;-24:45:04,492;-42:29:03,008;-24,75124778;-42,48416889;SIRGAS2000;Definitiva;Vertical;-6041,85;6077;6077;MR;28;0;1993;NM; ;Guaratiba;Barra Velha; ;Existe; ; ; ;Existe;Existe; ;Existe; ;Existe; ; ;Existe;Existe; ; ;Existe; ;SS-75;OCEAN COURAGE;02/01/2022
9-BUZ-40D-RJS;74316029571;Petrobras;9BUZ40DRJS;RJ;Santos; ;BUZ;BÚZIOS;M;S;9;Especial;PRODUTOR COMERCIAL DE PETRÓLEO;EQUIPADO AGUARDANDO INÍCIO DE OPERAÇÃO;14/03/2020;18/05/2020;09/06/2020;-24:42:05,333;-42:26:01,095;-24,70148139;-42,4336375;SIRGAS2000;Definitiva;Direcional;-5918,3;5959;5959;MR;25;0;2033;NM; ;Guaratiba;Barra Velha; ;Existe; ; ; ;Existe;Existe; ;Existe; ;Existe; ; ;Existe;Existe; ; ; ; ;NS-38;ETESCO TAKATSUGU J;02/01/2022
8-SEP-2-RJS;74316028894;Petrobras;8SEP2RJS;RJ;Santos; ;SEP;SÉPIA;M;S;8;Injeção;INJEÇÃO DE ÁGUA;ABANDONADO TEMPORARIAMENTE SEM MONITORAMENTO;27/12/2016;01/12/2020;20/12/2020;-25:15:34,762;-42:31:45,497;-25,25965611;-42,52930472;SIRGAS2000;Definitiva;Vertical;-5531,6;5557;5557;MR;25;0;2120;NM; ;Guaratiba;Barra Velha; ;Existe; ; ; ;Existe;Existe; ;Existe; ;Existe; ; ;Existe;Existe; ; ; ; ;NS-38;ETESCO TAKATSUGU J;02/01/2022
7-LL-117D-RJS;74316029160;Petrobras;7LL117DRJS;RJ;Santos; ;TUP;TUPI;M;S;7;Desenvolvimento;PRODUTOR COMERCIAL DE PETRÓLEO;EQUIPADO AGUARDANDO INÍCIO DE OPERAÇÃO;28/01/2018;03/05/2020;27/06/2020;-25:21:57,063;-42:41:07,427;-25,36585083;-42,68539639;SIRGAS2000;Definitiva;Direcional;-5078,8;5145;5135,5;MR;25;0;2125;NM; ;Guaratiba;Barra Velha; ;Existe; ; ; ;Existe;Existe; ;Existe; ; ; ; ;Existe; ; ; ; ; ;NS-39;Deepwater Myconos;02/01/2022
1-GREN-1D-BA;20240029328;Great Energy;1-GE-0001-BA;BA;Recôncavo;REC-T-108; ; ;T;S;1;Pioneiro; ;EM AVALIAÇÃO;21/12/2018;12/10/2019;21/01/2020;-12:11:06,979;-38:10:58,999;-12,18527194;-38,18305528;SIRGAS2000;Definitiva;Direcional;-3171,6;3297;3296,8;MR;104;99;0;NM; ;Brotas;Sergi; ;Existe; ;Existe;Existe;Existe;Existe;Existe;Existe; ; ;Existe;Existe;Existe;Existe; ; ; ; ;GREAT128 (OIL 128/TUS 128/DF-08);GREAT - 128;02/01/2022
7-PPT-51HP-RJS;74281029397;Petrobras;7PPT51HPRJS;RJ;Campos; ;PPT;PAPA-TERRA;M;S;7;Desenvolvimento;PRODUTOR COMERCIAL DE PETRÓLEO;FECHADO;14/06/2019;23/09/2019;04/03/2020;-23:30:57,997;-41:03:40,833;-23,51611028;-41,0613425;SIRGAS2000;Definitiva;Horizontal;-3103;5294;5294;MR;21;0;1181;NM; ;Campos;Carapebus; ;Existe; ; ; ;Existe;Existe; ;Existe; ; ; ; ;Existe; ; ; ; ; ;SS-88;Beta;02/01/2022
8-LPA-4D-SPS;86316029403;TotalEnergies EP;LPA-NE-I3;SP;Santos; ;LPA;LAPA;M;S;8;Injeção;INJEÇÃO DE ÁGUA;INJETANDO;10/06/2019;23/01/2020;20/02/2020;-25:31:02,870;-43:26:01,540;-25,51746389;-43,43376111;SIRGAS2000;Definitiva;Direcional;5321;5804;5804;MR;26,5;0;2180;NM; ;Guaratiba;Barra Velha; ;Existe; ; ; ; ; ; ; ; ; ; ; ; ; ; ; ; ; ;DS9;DS-9;02/01/2022
7-LPA-5D-SPS;86316029428;TotalEnergies EP;LPA-NE-P4;SP;Santos; ;LPA;LAPA;M;S;7;Desenvolvimento;PRODUTOR COMERCIAL DE PETRÓLEO;PRODUZINDO;29/07/2019;27/11/2019;11/01/2020;-25:32:20,180;-43:26:48,750;-25,53893889;-43,446875;SIRGAS2000;Definitiva;Direcional;5347,9;5898;5898;MR;26,5;0;2146;NM; ;Guaratiba;Barra Velha; ;Existe; ; ; ; ; ; ; ;Existe; ; ; ; ; ; ; ; ; ;DS9;DS-9;02/01/2022
3-BRSA-1370-SPS;86316029463;Petrobras;3SPS106;SP;Santos;S-M-623; ; ;M;S;3;Extensão; ;ABANDONADO PERMANENTEMENTE;12/09/2019;10/12/2019;02/01/2020;-25:08:34,419;-44:09:59,493;-25,14289417;-44,16652583;SIRGAS2000;Definitiva;Vertical;-6523,3;6552;6556;MR;32;0;1843;NM; ;Guaratiba;Barra Velha; ;Existe; ;Existe;Existe;Existe;Existe; ;Existe; ;Existe;Existe;Existe;Existe;Existe; ; ; ; ;NS-41;ODN I;02/01/2022
8-FAL-142D-ES;34270029436;Petrobras;8FAL142DES;ES;Espírito Santo; ;FAL;FAZENDA ALEGRE;T;S;8;Injeção;PRODUTOR COMERCIAL DE PETRÓLEO;PRODUZINDO;12/08/2019;16/08/2019;09/02/2020;-19:00:25,820;-39:52:07,208;-19,00717222;-39,86866889;SIRGAS2000;Definitiva;Direcional;-882;899;899;MR;11,79;6,64;0;NM; ;Espírito Santo;Urucutuca; ;Existe; ; ; ;Existe; ; ;Existe; ; ; ; ;Existe;Existe; ;Existe; ; ;EBS-08;EBS-08;02/01/2022
7-LPA-6D-SPS;86316029455;TotalEnergies EP;LPA-NE-P5;SP;Santos; ;LPA;LAPA;M;S;7;Desenvolvimento;PRODUTOR COMERCIAL DE PETRÓLEO;PRODUZINDO;01/09/2019;02/03/2020;02/04/2020;-25:32:06,018;-43:26:52,154;-25,535005;-43,44782056;SIRGAS2000;Definitiva;Direcional;5304,8;5468,7;5468,7;MR;26,5;0;2147,7;NM; ;Guaratiba;Barra Velha; ;Existe; ; ; ; ; ; ; ; ; ; ; ; ; ; ; ; ; ;DS9;DS-9;02/01/2022
9-MLL-83-RJS;74281029462;Petrobras;9MLL83RJS;RJ;Campos; ;MLL;MARLIM LESTE;M;S;9;Especial;OUTRAS FINALIDADES;EM OBSERVAÇÃO;08/09/2019;02/12/2019;08/01/2020;-22:30:25,074;-39:59:00,549;-22,506965;-39,98348583;SIRGAS2000;Definitiva;Vertical;-4538;4570;4570;MR;32;0;1226;NM; ;Lagoa Feia;Macabu; ;Existe; ; ; ;Existe;Existe; ;Existe; ;Existe; ; ;Existe;Existe; ;Existe; ; ;NS-33;NORBE IX;02/01/2022
7-BUZ-33-RJS;74316029460;Petrobras;7BUZ33RJS;RJ;Santos; ;BUZ;BÚZIOS;M;S;7;Desenvolvimento;PRODUTOR COMERCIAL DE PETRÓLEO;EQUIPADO AGUARDANDO INÍCIO DE OPERAÇÃO;07/09/2019;19/01/2020;13/03/2020;-24:36:30,497;-42:31:50,167;-24,60847139;-42,53060194;SIRGAS2000;Definitiva;Vertical;-5983,7;6012;6012;MR;28;0;1903;NM; ;Guaratiba;Barra Velha; ;Existe; ; ; ;Existe;Existe; ;Existe; ;Existe; ; ;Existe;Existe; ; ;Existe; ;SS-75;OCEAN COURAGE;02/01/2022
8-LPA-7D-SPS;86316029468;TotalEnergies EP;LPA-NE-I2;SP;Santos; ;LPA;LAPA;M;S;8;Injeção;INJEÇÃO DE ÁGUA; ;12/09/2019;08/11/2019;12/06/2020;-25:33:10,101;-43:27:34,216;-25,55280583;-43,45950444;SIRGAS2000;Definitiva;Direcional;528084;5617;5617;MR;26,5;0;2135,5;NM; ;Guaratiba;Barra Velha; ;Existe; ; ; ; ; ; ; ; ; ; ; ; ; ; ; ; ; ;DS9;DS-9;02/01/2022
7-AZU-2D-AM;14030029525;Eneva;7AZU2DAM;AM;Amazonas;AZU;AZU;AZULÃO;T;S;7;Desenvolvimento;ABANDONADO POR OUTRAS RAZÕES;ABANDONADO PERMANENTEMENTE;04/01/2020;07/01/2020;18/01/2020;-02:44:41,138;-58:11:03,086;-2,744760556;-58,18419056;SIRGAS2000;Definitiva;Direcional;525,98;677;677;MR;98;90;0;NM; ;Tapajós;Nova Olinda; ;Existe; ; ;Existe; ; ; ; ; ; ; ; ;Existe; ; ; ; ; ;QG VIII;Queiroz Galvão VIII;02/01/2022
7-MLL-86HPA-RJS;74281029556;Petrobras;7MLL86HPARJS;RJ;Campos; ;MLL;MARLIM LESTE;M;S;7;Desenvolvimento;PRODUTOR COMERCIAL DE PETRÓLEO;PRODUZINDO;23/02/2020;08/03/2020;01/04/2020;-22:27:47,016;-39:58:09,470;-22,46306;-39,96929722;SIRGAS2000;Definitiva;Horizontal;-2684,1;4166;4166;MR;32;0;1114;NM; ;Campos;Carapebus; ;Existe; ; ; ;Existe;Existe; ;Existe; ; ; ; ;Existe; ;Existe; ; ; ;NS-33;NORBE IX;02/01/2022
8-MRO-8-RJS;74316029630;Petrobras;8MRO8RJS;RJ;Santos; ;MRO;MERO;M;S;8;Injeção;INJEÇÃO DE ÁGUA;EQUIPADO AGUARDANDO INÍCIO DE OPERAÇÃO;08/09/2020;21/10/2020;08/11/2020;-24:35:26,180;-42:11:11,235;-24,59060556;-42,18645417;SIRGAS2000;Definitiva;Vertical;-5897,3;5924;5930;MR;25;0;2046;NM; ;Guaratiba;Barra Velha; ;Existe; ; ; ;Existe;Existe; ;Existe; ;Existe; ; ;Existe;Existe; ; ; ; ;NS-39;Deepwater Myconos;02/01/2022
7-MRO-10A-RJS;74316029563;Petrobras;7MRO10ARJS;RJ;Santos; ;MRO;MERO;M;S;7;Desenvolvimento;ABANDONADO POR OUTRAS RAZÕES;ABANDONADO PERMANENTEMENTE;05/03/2020;18/03/2020;04/04/2020;-24:35:54,727;-42:12:53,748;-24,59853528;-42,21493;SIRGAS2000;Definitiva;Vertical;3133,11;3137;3137;MR;25;0;1997;NM; ;Guaratiba;Barra Velha; ;Existe; ; ; ; ;Existe; ;Existe; ; ; ; ;Existe; ; ; ; ; ;NS-40;Deepwater Corcovado;02/01/2022
1-NOVA-3-AL;8115029565;Nova Petróleo;1-NOVA-2;AL;Alagoas;SEAL-T-291; ; ;T;S;1;Pioneiro; ;ARRASADO;05/03/2020;10/03/2020;11/03/2020;-10:19:19,464;-36:30:51,430;-10,32207333;-36,51428611;SIRGAS2000;Definitiva;Vertical;630,9;642;642;MR;11,2;5,3;0;NM; ;Igreja Nova;Batinga; ;Existe; ;Existe;Existe;Existe; ; ;Existe; ; ; ; ;Existe; ; ; ; ; ;GREAT105;GREAT - 105;02/01/2022
1-BRSA-1376D-RJS;74281029604;Petrobras;1RJS754D;RJ;Campos;C-M-657; ; ;M;S;1;Pioneiro; ;ABANDONADO PERMANENTEMENTE;04/06/2020;29/09/2020;15/10/2020;-23:57:04,769;-40:21:19,982;-23,95132472;-40,35555056;SIRGAS2000;Definitiva;Direcional;-6097,4;6278;6276;MR;25;0;2898;NM; ;Lagoa Feia;Coqueiros; ;Existe; ;Existe;Existe;Existe;Existe; ;Existe; ;Existe;Existe;Existe;Existe;Existe; ; ; ; ;NS-47;West Tellus;02/01/2022
7-GVB-16-MA;50090029593;Eneva;7GVB16MA;MA;Parnaíba;PN-T-67;GVB;GAVIÃO BRANCO;T;S;7;Desenvolvimento;PRODUTOR COMERCIAL DE GÁS NATURAL;PRODUZINDO;07/05/2020;15/07/2020;15/05/2020;-04:36:10,350;-44:32:42,205;-4,602875;-44,54505694;SIRGAS2000;Definitiva;Vertical;1370;1420;1421;MR;51;45;0;NM; ;Canindé;Poti; ;Existe; ; ;Existe;Existe; ; ;Existe; ; ; ; ;Existe; ; ; ; ; ;GREAT120 (TUS 120);GREAT - 120;02/01/2022
8-FAL-168D-ES;34270029587;Petrobras;8FAL168DES;ES;Espírito Santo; ;FAL;FAZENDA ALEGRE;T;S;8;Injeção;PRODUTOR COMERCIAL DE PETRÓLEO;FECHADO;27/04/2020;03/05/2020;03/12/2020;-19:00:21,156;-39:51:51,034;-19,00587667;-39,86417611;SIRGAS2000;Definitiva;Direcional;-883,39;901;901,3;MR;10,2;5,05;0;NM; ;Espírito Santo;Urucutuca; ;Existe; ; ; ;Existe; ; ;Existe; ; ; ; ;Existe;Existe; ;Existe; ; ;EBS-08;EBS-08;02/01/2022
1-SHEL-33-RJS;74316029591;Shell Brasil;Saturno 1;RJ;Santos;SATURNO; ; ;M;S;1;Pioneiro; ;ABANDONADO PERMANENTEMENTE;08/05/2020;30/05/2020;13/06/2020;-25:00:18,485;-41:08:29,022;-25,00513472;-41,141395;SIRGAS2000;Definitiva;Vertical;-5176;5194,5;5201;MR;25;0;2609;NM; ;Guaratiba;Camboriú; ;Existe; ;Existe;Existe;Existe;Existe; ;Existe; ;Existe;Existe;Existe;Existe;Existe; ; ; ; ;NS-45;Brava Star;02/01/2022
7-MRO-10B-RJS;74316029579;Petrobras;7MRO10BRJS;RJ;Santos; ;MRO;MERO;M;S;7;Desenvolvimento;PRODUTOR COMERCIAL DE PETRÓLEO;EQUIPADO AGUARDANDO INÍCIO DE OPERAÇÃO;06/04/2020;13/06/2020;01/08/2020;-24:35:55,850;-42:12:52,940;-24,59884722;-42,21470556;SIRGAS2000;Definitiva;Vertical;-5726,5;5753;5755,9;MR;25;0;1994;NM; ;Guaratiba;Barra Velha; ;Existe; ; ; ;Existe;Existe; ;Existe; ; ; ; ;Existe;Existe; ; ; ; ;NS-40;Deepwater Corcovado;02/01/2022
7-GLF-49H-ESS;34271029600;Petrobras;7GLF49HESS;ES;Espírito Santo; ;GLF;GOLFINHO;M;S;7;Desenvolvimento;PRODUTOR COMERCIAL DE PETRÓLEO;PRODUZINDO;25/05/2020;10/06/2020;05/07/2020;-20:01:45,039;-39:32:53,187;-20,0291775;-39,5481075;SIRGAS2000;Definitiva;Horizontal;4277,1;4565;4565;MR;25;0;1395;NM; ;Espírito Santo;Urucutuca; ;Existe; ; ; ; ;Existe; ;Existe; ; ; ; ;Existe; ; ; ; ; ;NS-31;PETROBRAS 10000;02/01/2022
7-GVTE-1-MA;50090029627;Eneva;7GVTE1MA;MA;Parnaíba;PN-T-49;GVTE;Gavião Tesoura;T;S;7;Desenvolvimento;PRODUTOR COMERCIAL DE GÁS NATURAL;ABANDONADO TEMPORARIAMENTE SEM MONITORAMENTO;28/08/2020;02/09/2020;05/09/2020;-04:20:58,270;-44:52:34,042;-4,349519444;-44,87612278;SIRGAS2000;Definitiva;Vertical;1567;1600;1599;MR;33;27;0;NM; ;Canindé;Poti; ;Existe; ; ;Existe;Existe; ; ;Existe; ; ; ; ;Existe;Existe; ; ; ; ;GREAT120 (TUS 120);GREAT - 120;02/01/2022
8-SRR-4D-RJS;74316029589;Petrobras;8SRR4DRJS;RJ;Santos; ;SRR;SURURU;M;S;8;Injeção;INJEÇÃO DE GÁS NATURAL;ABANDONADO TEMPORARIAMENTE SEM MONITORAMENTO;07/05/2020;08/06/2020;15/06/2020;-24:59:23,115;-42:38:25,115;-24,98975417;-42,64030972;SIRGAS2000;Definitiva;Direcional;-5670;5735;5726,8;MR;26;0;2192;NM; ;Guaratiba;Barra Velha; ;Existe; ; ; ;Existe;Existe; ;Existe; ; ; ; ;Existe;Existe; ; ; ; ;NS-44;LAGUNA STAR;02/01/2022
9-BUZ-42-RJS;74316029609;Petrobras;9BUZ42RJS;RJ;Santos; ;BUZ;BÚZIOS;M;S;9;Especial;PRODUTOR COMERCIAL DE PETRÓLEO;EQUIPADO AGUARDANDO INÍCIO DE OPERAÇÃO;10/06/2020;30/09/2020;22/10/2020;-24:33:53,176;-42:26:16,442;-24,56477111;-42,43790056;SIRGAS2000;Definitiva;Vertical;-5943;5968;5968;MR;25;0;1906;NM; ;Guaratiba;Barra Velha; ;Existe; ; ; ;Existe;Existe; ;Existe; ;Existe; ; ;Existe;Existe; ; ; ; ;NS-31;PETROBRAS 10000;02/01/2022
7-ET-1896-RN;72100029592;Petrobras;7ET1896RN;RN;Potiguar; ;ET;ESTREITO;T;S;7;Desenvolvimento;PRODUTOR COMERCIAL DE PETRÓLEO;PRODUZINDO;09/05/2020;10/05/2020;13/07/2020;-05:22:33,135;-36:48:13,267;-5,375870833;-36,80368528;SIRGAS2000;Definitiva;Vertical;300,5;299;300,5;MR;34,28;29,28;0;NM; ;Apodi;Açu; ;Existe; ; ; ;Existe; ; ;Existe; ; ; ; ;Existe;Existe; ; ; ; ;EBS-05;EBS-05;02/01/2022
7-ET-1893-RN;72100029594;Petrobras;7ET1893RN;RN;Potiguar; ;ET;ESTREITO;T;S;7;Desenvolvimento;PRODUTOR COMERCIAL DE PETRÓLEO;PRODUZINDO;13/05/2020;13/05/2020;12/07/2020;-05:22:33,188;-36:48:10,032;-5,375885556;-36,80278667;SIRGAS2000;Definitiva;Vertical;300;300;300;MR;35,06;30,06;0;NM; ;Apodi;Açu; ;Existe; ; ; ;Existe; ; ;Existe; ; ; ; ;Existe;Existe; ; ; ; ;EBS-05;EBS-05;02/01/2022
7-AR-379D-BA;20240029493;Petrobras;7AR379DBA;BA;Recôncavo; ;AR;ARAÇÁS;T;S;7;Desenvolvimento;PRODUTOR COMERCIAL DE PETRÓLEO;FECHADO;31/10/2019;06/12/2019;28/06/2020;-12:09:11,058;-38:10:11,741;-12,15307167;-38,16992806;SIRGAS2000;Definitiva;Direcional;-3154;3415;3416;MR;165,52;156,22;0;NM; ;Brotas;Sergi; ;Existe; ; ; ;Existe; ; ;Existe; ; ; ; ;Existe;Existe; ;Existe; ; ;SC-109;SONDA CONVENCIONAL 109;02/01/2022
7-GVBN-1D-MA;50090029634;Eneva;7GVBN1DMA;MA;Parnaíba;PN-T-49;GVBN;GAVIÃO BRANCO NORTE;T;S;7;Desenvolvimento;PRODUTOR COMERCIAL DE GÁS NATURAL;ABANDONADO TEMPORARIAMENTE SEM MONITORAMENTO;01/10/2020;15/10/2020;18/10/2020;-04:29:12,394;-44:31:03,416;-4,486776111;-44,51761556;SIRGAS2000;Definitiva;Direcional;1499,57;1810;1810;MR;56;50;0;NM; ;Canindé;Longá; ;Existe; ; ;Existe;Existe; ; ;Existe; ; ; ; ;Existe;Existe; ; ; ; ;GREAT120 (TUS 120);GREAT - 120;02/01/2022
7-FAL-149D-ES;34270029475;Petrobras;7FAL149DES;ES;Espírito Santo; ;FAL;FAZENDA ALEGRE;T;S;7;Desenvolvimento;PRODUTOR COMERCIAL DE PETRÓLEO;FECHADO;04/10/2019;09/10/2019;02/01/2020;-19:00:20,048;-39:52:16,852;-19,00556889;-39,87134778;SIRGAS2000;Definitiva;Direcional;-879,79;907;906,2;MR;15,05;9,9;0;NM; ;Espírito Santo;Urucutuca; ;Existe; ; ; ;Existe; ; ;Existe; ; ; ; ;Existe;Existe; ;Existe; ; ;EBS-08;EBS-08;02/01/2022
8-FAL-150D-ES;34270029482;Petrobras;8FAL150DES;ES;Espírito Santo; ;FAL;FAZENDA ALEGRE;T;S;8;Injeção;PRODUTOR COMERCIAL DE PETRÓLEO;PRODUZINDO;13/10/2019;17/10/2019;31/01/2020;-19:00:21,002;-39:52:16,637;-19,00583389;-39,87128806;SIRGAS2000;Definitiva;Direcional;-885,09;904;903,7;MR;15,06;9,91;0;NM; ;Espírito Santo;Urucutuca; ;Existe; ; ; ;Existe; ; ;Existe; ; ; ; ;Existe;Existe; ; ; ; ;EBS-08;EBS-08;02/01/2022
3-BGM-3-ES;34270029495;BGM;3-SDR-3-ES;ES;Espírito Santo;ES-T-476;SDR;SUINDARA;T;S;3;Extensão; ;INJETANDO;05/11/2019;18/11/2019;30/01/2020;-19:11:38,496;-39:50:28,987;-19,19402667;-39,84138528;SIRGAS2000;Definitiva;Vertical;-925,9;1043;936,5;MR;10,6;4,6;0;NM; ;Barra Nova;Regência; ;Existe; ;Existe;Existe;Existe; ; ;Existe; ; ; ; ;Existe;Existe; ; ; ; ;CW-02;Cowan-02;02/01/2022
7-PRG-69H-RJS;74281029486;Equinor Brasil;BMC7A1;RJ;Campos; ;PRG;PEREGRINO;M;S;7;Desenvolvimento;PRODUTOR COMERCIAL DE PETRÓLEO;FECHADO;09/05/2019;24/01/2020;13/02/2020;-23:20:01,899;-41:17:53,031;-23,33386083;-41,29806417;SIRGAS2000;Definitiva;Horizontal;-2301;7885;7885;MR;50;0;106;NM; ;Campos;Carapebus; ;Existe; ; ; ; ;Existe; ; ; ; ; ; ;Existe; ; ; ; ; ;DR-A;DRILLINGRIG-A;02/01/2022
7-FAL-151D-ES;34270029500;Petrobras;7FAL151DES;ES;Espírito Santo; ;FAL;FAZENDA ALEGRE;T;S;7;Desenvolvimento;PRODUTOR COMERCIAL DE PETRÓLEO;PRODUZINDO;14/11/2019;18/11/2019;15/04/2020;-19:00:21,958;-39:52:16,423;-19,00609944;-39,87122861;SIRGAS2000;Definitiva;Direcional;-878,83;897;897;MR;15,03;9,88;0;NM; ;Espírito Santo;Urucutuca; ;Existe; ; ; ;Existe; ; ;Existe; ; ; ; ;Existe;Existe; ;Existe; ; ;EBS-08;EBS-08;02/01/2022
7-FAL-153D-ES;34270029497;Petrobras;7FAL153DES;ES;Espírito Santo; ;FAL;FAZENDA ALEGRE;T;S;7;Desenvolvimento;PRODUTOR COMERCIAL DE PETRÓLEO;PRODUZINDO;04/11/2019;10/11/2019;28/02/2020;-19:00:23,867;-39:52:15,995;-19,00662972;-39,87110972;SIRGAS2000;Definitiva;Direcional;-879,15;900;898;MR;15,03;9,88;0;NM; ;Espírito Santo;Urucutuca; ;Existe; ; ; ;Existe; ; ;Existe; ; ; ; ;Existe;Existe; ;Existe; ; ;EBS-08;EBS-08;02/01/2022
8-RO-171D-RJS;74281029518;Petrobras;8RO171DRJS;RJ;Campos; ;RO;RONCADOR;M;S;8;Injeção;INJEÇÃO DE ÁGUA;FECHADO;19/12/2019;26/01/2020;03/03/2020;-21:56:41,111;-39:42:23,223;-21,94475306;-39,70645083;SIRGAS2000;Definitiva;Direcional;-3626,01;3670;3670;MR;31;0;1872;NM; ;Campos;Ubatuba;Tamoios;Existe; ; ; ;Existe;Existe; ;Existe; ; ; ; ;Existe; ; ; ; ; ;NS-42;ODN II;02/01/2022
7-FAL-154D-ES;34270029504;Petrobras;7FAL154DES;ES;Espírito Santo; ;FAL;FAZENDA ALEGRE;T;S;7;Desenvolvimento;PRODUTOR COMERCIAL DE PETRÓLEO;PRODUZINDO;22/11/2019;28/11/2019;12/03/2020;-19:00:27,613;-39:52:14,907;-19,00767028;-39,8708075;SIRGAS2000;Definitiva;Direcional;-877,44;895;893,8;MR;15,83;10,68;0;NM; ;Espírito Santo;Urucutuca; ;Existe; ; ; ;Existe; ; ;Existe; ; ; ; ;Existe;Existe; ;Existe; ; ;EBS-08;EBS-08;02/01/2022
3-BRSA-1371-SES;90121029496;Petrobras;3SES194;SE;Sergipe;SEAL-M-424; ; ;M;S;3;Extensão; ;EM PERFURAÇÃO;06/11/2019;05/12/2019;10/01/2020;-11:12:43,504;-36:20:55,562;-11,21208444;-36,34876722;SIRGAS2000;Definitiva;Vertical;-5944,9;5967;5970;MR;25;0;2698;NM; ;Piaçabuçu;Calumbi; ;Existe; ;Existe;Existe;Existe;Existe; ;Existe; ;Existe;Existe;Existe;Existe;Existe; ; ; ; ;NS-31;PETROBRAS 10000;02/01/2022
3-BRSA-1374-RN;72100029509;Petrobras;3GMR130RN;RN;Potiguar; ;GMR;GUAMARÉ;T;S;3;Extensão; ;PRODUZINDO;01/12/2019;18/12/2019;27/01/2020;-05:10:42,659;-36:23:37,883;-5,178516389;-36,39385639;SIRGAS2000;Definitiva;Vertical;-1031,8;1074;1074;MR;42,2;38,2;0;NM; ;Areia Branca;Pendência; ;Existe; ;Existe;Existe;Existe; ; ;Existe; ; ; ; ;Existe;Existe;Existe;Existe; ; ;SC-86;SONDA CONVENCIONAL 86;02/01/2022
7-MRO-7-RJS;74316029506;Petrobras;7MRO7RJS;RJ;Santos; ;MRO;MERO;M;S;7;Desenvolvimento;ABANDONADO POR OUTRAS RAZÕES;ABANDONADO PERMANENTEMENTE;27/11/2019;09/01/2020;05/02/2020;-24:36:10,072;-42:13:29,475;-24,60279778;-42,22485417;SIRGAS2000;Definitiva;Vertical;-5138,55;5193;5193;MR;25;0;1960;NM; ;Guaratiba;Itapema; ;Existe; ; ; ; ;Existe; ;Existe; ; ; ; ;Existe; ; ; ; ; ;NS-39;Deepwater Myconos;02/01/2022
7-BUZ-36D-RJS;74316029520;Petrobras;7BUZ36DRJS;RJ;Santos; ;BUZ;BÚZIOS;M;S;7;Desenvolvimento;ABANDONADO POR OUTRAS RAZÕES;ABANDONADO PERMANENTEMENTE;14/12/2019;21/12/2019;24/02/2020;-24:38:06,084;-42:26:42,428;-24,63502333;-42,44511889;SIRGAS2000;Definitiva;Direcional;2029;2057;2057;MR;28;0;1927;NM; ;Guaratiba;Barra Velha; ;Existe; ; ; ; ; ; ; ; ; ; ; ; ; ; ; ; ; ;SS-75;OCEAN COURAGE;02/01/2022
7-POL-44HP-RJS;74281029515;Petro Rio O&G;POL-Nb;RJ;Campos; ;POL;POLVO;M;S;7;Desenvolvimento;INDEFINIDO;FECHADO;13/12/2019;24/12/2019;06/01/2020;-23:05:01,882;-40:59:43,413;-23,08385611;-40,9953925;SIRGAS2000;Definitiva;Horizontal;-1927;5291;5291;MR;41,2;0;103;NM; ;Macaé;Quissamã; ;Existe; ;Existe;Existe; ;Existe; ; ; ; ; ; ;Existe; ; ; ; ; ;DEAL-1;DEAL-1;02/01/2022
1-BRSA-1375-RJS;74281029551;Petrobras;1RJS753;RJ;Campos;SO_TRTG_VD; ; ;M;S;1;Pioneiro; ;ABANDONADO PERMANENTEMENTE;13/02/2020;28/03/2020;17/04/2020;-23:01:12,650;-40:43:19,358;-23,02018056;-40,72204389;SIRGAS2000;Definitiva;Vertical;-31928;3216;3219;MR;26;0;1080;NM; ;Macaé;Quissamã; ;Existe; ;Existe;Existe;Existe;Existe; ;Existe; ;Existe;Existe;Existe;Existe;Existe; ; ; ; ;SS-73;GOLD STAR;02/01/2022
1-NOVA-1-AL;8115029537;Nova Petróleo;1-NOVA-3;AL;Alagoas;SEAL-T-292; ; ;T;S;1;Pioneiro; ;ARRASADO;30/01/2020;09/02/2020;11/02/2020;-10:18:49,717;-36:29:12,980;-10,31381028;-36,48693889;SIRGAS2000;Definitiva;Vertical;159,1;207;207,3;MR;48,3;42,4;0;NM; ;Igreja Nova;Batinga; ;Existe; ;Existe;Existe;Existe; ; ;Existe; ; ; ; ;Existe; ; ; ; ; ;GREAT105;GREAT - 105;02/01/2022
1-NOVA-2-AL;8115029552;Nova Petróleo;1-NOVA-1;AL;Alagoas;SEAL-T-280; ; ;T;S;1;Pioneiro; ; ;17/02/2020;24/02/2020;25/02/2020;-10:16:22,419;-36:29:16,589;-10,27289417;-36,48794139;SIRGAS2000;Definitiva;Vertical;524;562;562,8;MR;38;32,1;0;NM; ;Igreja Nova;Batinga; ;Existe; ;Existe;Existe;Existe; ; ;Existe; ; ; ; ;Existe;Existe; ; ; ; ;GREAT105;GREAT - 105;02/01/2022
7-ET-1890-RN;72100029605;Petrobras;7ET1890RN;RN;Potiguar; ;ET;ESTREITO;T;S;7;Desenvolvimento;PRODUTOR COMERCIAL DE PETRÓLEO;PRODUZINDO;03/06/2020;04/06/2020;11/07/2020;-05:22:33,113;-36:48:06,772;-5,375864722;-36,80188111;SIRGAS2000;Definitiva;Vertical;299,6;300;299,6;MR;35,03;30,03;0;NM; ;Apodi;Açu; ;Existe; ; ; ;Existe; ; ;Existe; ; ; ; ;Existe;Existe; ; ; ; ;EBS-05;EBS-05;02/01/2022
3-ENV-11D-MA;50090029597;Eneva;3ENVNWENV6DMA;MA;Parnaíba;PN-T-48; ; ;T;S;3;Extensão; ;ABANDONADO TEMPORARIAMENTE SEM MONITORAMENTO;23/05/2020;15/06/2020;02/07/2020;-04:10:15,197;-45:25:27,721;-4,170888056;-45,42436694;SIRGAS2000;Definitiva;Direcional;2329,7;2445;2443,5;MR;650;590;0;NM; ;Canindé;Itaim; ;Existe; ; ;Existe;Existe; ; ;Existe; ;Existe; ; ;Existe;Existe; ; ;Existe; ;GREAT120 (TUS 120);GREAT - 120;02/01/2022
7-ET-1898-RN;72100029595;Petrobras;7ET1898RN;RN;Potiguar; ;ET;ESTREITO;T;S;7;Desenvolvimento;PRODUTOR COMERCIAL DE PETRÓLEO;PRODUZINDO;17/05/2020;17/05/2020;13/07/2020;-05:22:33,149;-36:48:16,516;-5,375874722;-36,80458778;SIRGAS2000;Definitiva;Vertical;300,3;300;300,3;MR;31,91;26,91;0;NM; ;Apodi;Açu; ;Existe; ; ; ;Existe; ; ;Existe; ; ; ; ;Existe;Existe; ; ; ; ;EBS-05;EBS-05;02/01/2022
7-ET-1911-RN;72100029598;Petrobras;7ET1911RN;RN;Potiguar; ;ET;ESTREITO;T;S;7;Desenvolvimento;PRODUTOR COMERCIAL DE PETRÓLEO;PRODUZINDO;23/05/2020;24/05/2020;26/07/2020;-05:23:52,102;-36:53:10,949;-5,397806111;-36,88637472;SIRGAS2000;Definitiva;Vertical;268,7;266;268,7;MR;39,19;34,19;0;NM; ;Apodi;Açu; ;Existe; ; ; ;Existe; ; ;Existe; ; ; ; ;Existe;Existe; ; ; ; ;EBS-05;EBS-05;02/01/2022
7-ET-1914D-RN;72100029601;Petrobras;7ET1914DRN;RN;Potiguar; ;ET;ESTREITO;T;S;7;Desenvolvimento;PRODUTOR COMERCIAL DE PETRÓLEO;PRODUZINDO;26/05/2020;27/05/2020;26/07/2020;-05:23:53,840;-36:53:13,437;-5,398288889;-36,88706583;SIRGAS2000;Definitiva;Direcional;266,2;272;269,4;MR;43,59;38,59;0;NM; ;Apodi;Açu; ;Existe; ; ; ;Existe; ; ;Existe; ; ; ; ;Existe; ; ; ; ; ;EBS-05;EBS-05;02/01/2022
7-FAL-173D-ES;34270029603;Petrobras;7FAL173DES;ES;Espírito Santo; ;FAL;FAZENDA ALEGRE;T;S;7;Desenvolvimento;PRODUTOR COMERCIAL DE PETRÓLEO;PRODUZINDO;30/05/2020;04/06/2020;08/12/2020;-19:00:26,509;-39:51:51,134;-19,00736361;-39,86420389;SIRGAS2000;Definitiva;Direcional;-880,37;899;899;MR;10,88;5,73;0;NM; ;Espírito Santo;Urucutuca; ;Existe; ; ; ;Existe; ; ;Existe; ; ; ; ;Existe; ; ;Existe; ; ;EBS-08;EBS-08;02/01/2022
8-FAL-174D-ES;34270029599;Petrobras;8FAL174DES;ES;Espírito Santo; ;FAL;FAZENDA ALEGRE;T;S;8;Injeção;PRODUTOR COMERCIAL DE PETRÓLEO;PRODUZINDO;24/05/2020;28/05/2020;09/10/2020;-19:00:26,571;-39:51:49,767;-19,00738083;-39,86382417;SIRGAS2000;Definitiva;Direcional;-884,26;901;903,1;MR;10,88;5,73;0;NM; ;Espírito Santo;Urucutuca; ;Existe; ; ; ;Existe; ; ;Existe; ; ; ; ;Existe;Existe; ;Existe; ; ;EBS-08;EBS-08;02/01/2022
7-ET-1891-RN;72100029611;Petrobras;7ET1891RN;RN;Potiguar; ;ET;ESTREITO;T;S;7;Desenvolvimento;PRODUTOR COMERCIAL DE PETRÓLEO;PRODUZINDO;15/06/2020;16/06/2020;11/07/2020;-05:22:29,859;-36:48:06,784;-5,374960833;-36,80188444;SIRGAS2000;Definitiva;Vertical;298,3;298;298,3;MR;33,48;28,48;0;NM; ;Apodi;Açu; ;Existe; ; ; ;Existe; ; ;Existe; ; ; ; ;Existe; ; ; ; ; ;EBS-05;EBS-05;02/01/2022
7-ET-1894-RN;72100029607;Petrobras;7ET1894RN;RN;Potiguar; ;ET;ESTREITO;T;S;7;Desenvolvimento;PRODUTOR COMERCIAL DE PETRÓLEO;PRODUZINDO;07/06/2020;07/06/2020;12/07/2020;-05:22:39,647;-36:48:13,248;-5,377679722;-36,80368;SIRGAS2000;Definitiva;Vertical;301,3;301;301,4;MR;36,59;31,59;0;NM; ;Apodi;Açu; ;Existe; ; ; ;Existe; ; ;Existe; ; ; ; ;Existe; ; ; ; ; ;EBS-05;EBS-05;02/01/2022
7-ET-1895-RN;72100029602;Petrobras;7ET1895RN;RN;Potiguar; ;ET;ESTREITO;T;S;7;Desenvolvimento;PRODUTOR COMERCIAL DE PETRÓLEO;PRODUZINDO;17/05/2020;31/05/2020;04/08/2020;-05:22:36,390;-36:48:13,253;-5,376775;-36,80368139;SIRGAS2000;Definitiva;Vertical;300,3;300;300,3;MR;35,3;30,3;0;NM; ;Apodi;Açu; ;Existe; ; ; ;Existe; ; ;Existe; ; ; ; ;Existe; ; ; ; ; ;EBS-05;EBS-05;02/01/2022
7-BBG-5D-RJS;74316029606;Petrobras;7BBG5DRJS;RJ;Santos; ;BBG;BERBIGÃO;M;S;7;Desenvolvimento;PRODUTOR COMERCIAL DE PETRÓLEO;EM COMPLETAÇÃO;06/06/2020;07/08/2020;06/09/2020;-25:01:05,117;-42:38:49,947;-25,01808806;-42,6472075;SIRGAS2000;Definitiva;Direcional;-5653,7;6018;6006,17;MR;28;0;2294;NM; ;Guaratiba;Barra Velha; ;Existe; ; ; ;Existe;Existe; ;Existe; ; ; ; ;Existe;Existe; ; ; ; ;SS-77;OCEAN VALOR;02/01/2022
1-ENV-13-MA;50090029621;Eneva;1ENVBL68BMA;MA;Parnaíba;PN-T-68; ; ;T;S;1;Pioneiro; ;ABANDONADO TEMPORARIAMENTE SEM MONITORAMENTO;02/08/2020;09/08/2020;13/08/2020;-04:41:15,733;-44:17:23,114;-4,687703611;-44,28975389;SIRGAS2000;Definitiva;Vertical;1624;1764;1766;MR;142;136;0;NM; ;Canindé;Cabeças; ;Existe; ;Existe;Existe;Existe; ; ;Existe; ;Existe; ; ;Existe;Existe; ; ; ; ;GREAT120 (TUS 120);GREAT - 120;02/01/2022
8-SEP-5D-RJS;74316029619;Petrobras;8SEP5DRJS;RJ;Santos; ;SEP;SÉPIA;M;S;8;Injeção;INJEÇÃO DE ÁGUA;ABANDONADO TEMPORARIAMENTE SEM MONITORAMENTO;28/07/2020;26/09/2020;05/11/2020;-25:14:46,394;-42:33:21,864;-25,24622056;-42,55607333;SIRGAS2000;Definitiva;Direcional;-5561,5;5600;5600;MR;31;0;2134;NM; ;Guaratiba;Barra Velha; ;Existe; ; ; ;Existe;Existe; ;Existe; ; ;Existe; ;Existe; ; ; ; ; ;NS-42;ODN II;02/01/2022
9-BUZ-43-RJS;74316029614;Petrobras;9BUZ43RJS;RJ;Santos; ;BUZ;BÚZIOS;M;S;9;Especial;PRODUTOR COMERCIAL DE PETRÓLEO;ABANDONADO TEMPORARIAMENTE COM MONITORAMENTO;11/07/2020;13/09/2020;03/10/2020;-24:35:32,649;-42:28:04,756;-24,5924025;-42,46798778;SIRGAS2000;Definitiva;Vertical;6058,6;6059;6059;MR;25;0;1914;NM; ;Guaratiba;Barra Velha; ;Existe; ; ; ;Existe;Existe; ;Existe; ;Existe; ; ;Existe;Existe; ; ; ; ;NS-31;PETROBRAS 10000;02/01/2022
7-BUZ-45D-RJS;74316029620;Petrobras;7BUZ45DRJS;RJ;Santos; ;BUZ;BÚZIOS;M;S;7;Desenvolvimento;ABANDONADO POR OUTRAS RAZÕES;ABANDONADO PERMANENTEMENTE;26/07/2020;02/08/2020;07/08/2020;-24:35:57,515;-42:32:47,678;-24,59930972;-42,54657722;SIRGAS2000;Definitiva;Direcional;-3255,5;3288;3288;MR;32;0;1913;NM; ;Guaratiba;Barra Velha; ;Existe; ; ; ; ;Existe; ;Existe; ; ; ; ;Existe; ; ; ; ; ;NS-32;NORBE VIII;02/01/2022
